feature,importance,importance_percent,feature_category
payment_delay_days,0.09855907210410837,9.86,Numeric
outstanding_balance,0.09762183350779342,9.76,Numeric
discount_rate,0.09033738303830287,9.03,Numeric
avg_claim_amount,0.09009694991894492,9.01,Numeric
premium_amount,0.08838301906309701,8.84,Numeric
customer_age,0.0844734603427272,8.45,Numeric
claim_processing_days,0.07252701447454162,7.25,Numeric
premium_per_claim,0.06367707708766317,6.37,Numeric
days_since_last_claim,0.05057929257131551,5.06,Numeric
policy_tenure,0.04837174821915613,4.84,Numeric
claim_frequency,0.0325620474100834,3.26,Numeric
policy_age_years,0.025151614335569193,2.52,Numeric
total_claims,0.022471061071141787,2.25,Numeric
underwriting_errors,0.01989998638943189,1.99,Numeric
region_North,0.010982001071312341,1.1,Categorical
region_South,0.00997314751881751,1.0,Categorical
customer_segment_Corporate,0.009589960104761715,0.96,Categorical
coverage_type_Comprehensive,0.009336400319979512,0.93,Categorical
region_West,0.009124664771801546,0.91,Categorical
region_East,0.008774845251339551,0.88,Categorical
age_group_46-60,0.008544727100786022,0.85,Categorical
customer_segment_Retail,0.008500448013249262,0.85,Categorical
coverage_type_Collision,0.008426774208836122,0.84,Categorical
age_group_31-45,0.0074970364765487504,0.75,Categorical
coverage_type_Liability,0.006478422076267574,0.65,Categorical
age_group_61-80,0.006291580421080938,0.63,Categorical
customer_segment_SME,0.005919536588539628,0.59,Categorical
age_group_18-30,0.005848896542803127,0.58,Categorical
